visit_id,patient_id,trial_id,site_id,visit_type,scheduled_date,completed_date,status
V001,PT001,TR001,S001,Baseline,2025-01-20,2025-01-20,Completed
V002,PT001,TR001,S001,Follow-up,2025-02-20,2025-02-22,Completed
V003,PT001,TR001,S001,Follow-up,2025-03-20,,Pending
V004,PT002,TR001,S002,Baseline,2025-01-25,2025-01-25,Completed
V005,PT002,TR001,S002,Follow-up,2025-02-25,2025-02-26,Completed
V006,PT003,TR002,S003,Baseline,2025-02-12,2025-02-12,Completed
V007,PT003,TR002,S003,Follow-up,2025-03-12,,Pending
V008,PT004,TR002,S004,Baseline,2025-02-18,2025-02-18,Completed
V009,PT004,TR002,S004,Follow-up,2025-03-18,2025-03-18,Completed
V010,PT005,TR003,S005,Baseline,2025-02-22,2025-02-23,Completed
V011,PT005,TR003,S005,Follow-up,2025-03-22,2025-03-25,Completed
V012,PT005,TR003,S005,Follow-up,2025-04-22,,Pending
V013,PT006,TR003,S006,Baseline,2025-02-27,2025-02-27,Completed
V014,PT006,TR003,S006,Follow-up,2025-03-27,,Pending
V015,PT007,TR004,S001,Baseline,2025-03-08,2025-03-08,Completed
V016,PT007,TR004,S001,Follow-up,2025-04-08,2025-04-09,Completed
V017,PT008,TR004,S002,Baseline,2025-03-12,2025-03-12,Completed
V018,PT008,TR004,S002,Follow-up,2025-04-12,,Pending
V019,PT009,TR001,S001,Baseline,2025-03-17,2025-03-17,Completed
V020,PT009,TR001,S001,Follow-up,2025-04-17,,Pending
V021,PT010,TR002,S003,Baseline,2025-03-19,2025-03-20,Completed
V022,PT010,TR002,S003,Follow-up,2025-04-19,,Pending
V023,PT011,TR003,S005,Baseline,2025-03-27,2025-03-27,Completed
V024,PT011,TR003,S005,Follow-up,2025-04-27,,Pending
V025,PT001,TR001,S001,Follow-up,2025-04-20,2025-04-21,Completed
V026,PT003,TR002,S003,Follow-up,2025-04-12,2025-04-13,Completed
V027,PT005,TR003,S005,Follow-up,2025-05-22,,Pending
V028,PT006,TR003,S006,Follow-up,2025-04-27,2025-04-29,Completed
V029,PT008,TR004,S002,Follow-up,2025-05-12,2025-05-14,Completed
V030,PT010,TR002,S003,Follow-up,2025-05-19,,Pending
